Character,Frequency
的,48153
他,20556
你,19893
我,19526
们,19087
人,17128
在,13042
和,12431
是,11783
耶,10467
说,9509
不,9395
要,8318
以,8218
就,8142
有,8107
为,7912
了,7881
子,7505
一,7168
华,7037
这,6903
所,6679
上,5798
来,5774
那,5429
必,5284
亚,4919
大,4806
里,4787
神,4724
到,4703
地,4666
因,4503
中,4382
从,4032
去,3904
列,3768
都,3758
也,3753
利,3640
王,3473
使,3341
见,3232
得,3190
儿,3183
行,3037
将,3028
色,2927
给,2890
又,2829
与,2689
可,2674
着,2635
出,2620
约,2534
前,2526
日,2484
对,2465
之,2461
个,2438
撒,2427
西,2421
样,2401
时,2371
事,2348
看,2312
作,2285
如,2254
祭,2195
面,2172
并,2140
心,2134
自,2125
下,2051
用,1976
话,1965
能,1962
拉,1955
知,1943
城,1929
主,1906
把,1892
拿,1892
众,1880
道,1865
基,1839
没,1836
叫,1833
当,1832
起,1822
向,1816
同,1813
听,1770
雅,1770
十,1758
安,1744
手,1687
巴,1671
被,1664
罗,1662
门,1644
法,1643
比,1638
稣,1634
求,1626
路,1613
呢,1607
各,1596
天,1591
住,1588
她,1583
己,1582
若,1565
百,1562
民,1561
切,1548
罪,1547
候,1546
家,1546
生,1528
多,1509
无,1498
死,1464
像,1436
头,1433
此,1431
名,1423
女,1421
回,1413
长,1410
过,1398
于,1384
发,1380
摩,1316
啊,1315
犹,1301
好,1300
圣,1286
玛,1276
后,1274
恶,1272
物,1227
只,1217
告,1201
么,1200
卫,1184
国,1176
打,1174
二,1166
伯,1152
仆,1133
哈,1133
受,1132
离,1129
些,1114
却,1113
年,1110
父,1097
吗,1089
立,1087
其,1078
什,1062
身,1059
吃,1043
间,1039
米,1036
万,1024
亲,1024
先,1020
但,1010
羊,1007
照,1003
做,1002
便,995
司,989
杀,974
还,972
分,970
山,970
爱,969
尼,967
迦,964
四,961
然,961
外,954
成,953
及,952
殿,952
救,950
经,947
三,939
希,937
带,931
直,931
愿,927
开,902
领,902
归,899
赐,896
公,895
而,892
兄,879
哪,878
命,872
信,870
咐,869
献,869
凡,868
进,863
弟,862
何,860
水,859
明,858
孙,852
全,850
士,850
冷,849
伦,847
灭,844
口,832
姓,829
眼,828
两,821
意,817
已,806
处,801
义,800
声,798
埃,797
吩,794
定,793
平,790
守,787
且,783
造,783
未,782
实,776
永,772
会,768
远,768
力,767
应,763
居,762
勒,756
七,745
方,744
斯,740
沙,740
喜,739
往,733
许,732
示,731
活,727
现,723
边,720
谁,717
火,707
正,703
再,693
今,692
诉,691
世,689
督,689
母,686
指,674
野,671
军,670
或,666
五,661
石,658
者,657
福,655
族,653
言,652
押,649
至,647
论,645
老,644
书,639
怒,632
攻,632
交,625
击,624
别,620
律,618
问,616
坛,612
洁,610
妇,608
徒,608
第,606
服,604
倒,603
按,600
站,599
荣,596
加,594
美,594
兰,592
称,588
本,587
理,585
底,582
扫,582
敌,581
高,581
记,579
怎,578
非,577
树,570
灵,569
临,558
随,554
恩,552
马,548
怕,547
音,547
派,544
走,544
放,543
曾,542
苦,542
施,538
属,535
牛,533
金,528
妻,526
业,524
奉,518
内,517
衣,517
净,516
取,515
岂,515
海,514
乐,513
常,512
祖,511
河,510
血,507
答,502
除,501
光,494
等,491
银,491
彼,490
刀,489
满,489
首,489
教,483
难,483
乃,481
坐,480
烧,476
念,473
敬,472
流,472
太,471
千,470
战,468
入,467
洗,464
预,460
存,459
蒙,457
保,454
备,449
耀,449
靠,449
欢,447
它,445
珥,445
仇,440
吧,439
提,436
传,435
害,434
位,433
智,433
次,433
香,431
座,430
争,428
哥,428
慧,428
显,428
赎,427
聚,426
工,423
接,422
近,421
毁,418
围,417
甚,417
留,416
息,415
食,414
脱,412
支,411
气,411
尽,407
脚,406
跟,402
房,401
耳,401
邦,401
器,400
待,400
数,400
东,398
细,396
暗,394
降,394
侍,392
弃,392
犯,392
喝,390
赶,390
相,389
连,389
兵,387
小,386
免,385
既,385
断,383
南,381
夫,381
谢,381
布,379
管,378
逃,378
波,376
动,374
转,374
强,372
望,370
白,368
体,367
想,367
代,365
原,365
果,365
差,363
歌,363
遵,363
酒,363
哀,361
田,359
营,358
誓,357
判,352
幕,352
建,352
呼,351
收,350
产,349
少,349
月,349
荒,349
重,349
写,348
风,348
弗,344
报,344
六,342
寻,342
孩,340
证,339
干,338
肉,338
认,338
油,336
瑟,336
善,334
识,334
界,333
阿,333
设,332
帐,330
掳,330
达,330
夜,329
治,324
快,323
拜,323
群,323
宝,322
真,322
悯,320
旷,319
每,318
坏,317
舍,317
仍,316
更,316
礼,314
旁,313
请,313
变,312
结,310
肘,308
祷,307
追,305
共,303
审,303
木,299
坚,298
容,298
燔,298
（,298
）,298
绝,296
财,296
语,293
户,292
亡,291
土,291
屋,291
灾,290
牲,290
罕,290
例,289
甲,289
羞,289
祸,288
惟,287
惊,285
藉,285
恨,282
惧,281
极,281
几,280
割,279
夺,279
选,279
黑,279
岁,278
虽,276
孽,273
赞,273
早,272
特,272
该,272
饼,271
复,266
权,266
诸,266
淫,263
伊,262
污,262
供,259
足,259
量,259
八,258
晓,258
柜,258
训,256
思,255
畏,255
集,255
角,254
根,253
遇,253
尊,252
新,251
右,250
穿,249
萄,249
葡,249
述,249
举,248
慈,248
素,245
背,245
悦,243
畜,243
目,242
谷,242
跑,240
愚,238
才,238
故,238
偶,237
剩,237
怜,237
末,236
羔,236
合,235
邑,235
伏,234
墙,234
顺,234
落,233
麻,233
哭,232
恐,232
散,232
病,232
兽,231
种,231
奇,230
完,230
空,230
节,230
余,229
单,229
掉,229
臣,229
助,228
胜,228
伸,227
剑,227
园,227
令,226
革,226
旦,225
点,224
虚,223
块,222
遍,221
帮,220
嫩,218
诚,218
勇,217
找,217
乌,216
宗,216
辱,216
伤,215
穷,213
车,213
咒,212
乎,210
算,210
君,209
败,209
憎,208
麦,208
凭,207
古,207
男,207
总,206
柱,206
莲,204
萨,204
裔,203
责,203
号,202
致,202
鬼,202
性,201
情,200
罚,200
讲,200
颂,200
字,199
藏,199
宫,198
谋,197
困,195
宽,195
谨,195
半,194
召,194
独,194
膏,194
件,193
拯,193
送,193
赛,192
买,191
初,191
境,191
止,191
竟,191
花,190
观,190
改,189
脸,189
挪,188
遭,188
云,187
客,187
棚,187
盛,187
顾,186
养,184
肯,184
刻,183
睡,183
遣,183
修,182
劳,182
官,182
承,181
铜,181
卖,180
固,180
患,180
办,179
娶,179
引,178
怀,177
船,177
锡,177
喊,176
丈,175
探,175
条,175
典,174
通,174
兴,173
隐,173
驴,173
抹,172
牧,172
班,172
烈,171
北,170
草,170
诅,170
密,169
队,169
假,168
吹,168
倚,167
察,167
粮,167
膀,167
龙,167
吉,166
掌,166
欺,166
越,166
院,166
乏,164
剪,164
反,164
鸟,163
异,162
腰,162
葬,162
凉,161
嘴,161
护,161
狮,161
碎,161
红,161
俄,160
唱,160
任,159
晨,159
皮,159
仑,158
场,158
由,158
露,158
丢,157
急,157
愁,157
谕,157
饥,157
乱,156
制,156
忿,156
晚,156
顶,156
夸,155
灯,155
甸,155
翰,155
网,154
寄,153
纳,153
劝,152
幔,152
益,152
抬,151
暴,151
辖,151
骨,151
忧,150
充,149
废,149
深,149
监,149
压,148
宰,148
摆,148
职,148
拔,147
杖,147
缘,147
盖,146
傲,145
摇,145
禁,145
秽,145
筑,145
贵,145
仗,144
铁,144
珊,143
象,143
遮,143
台,142
席,142
拣,142
清,142
终,142
解,142
飞,142
感,141
邪,141
坟,140
推,140
枝,140
诫,140
亮,139
壮,139
忍,139
消,139
诈,139
担,138
梦,138
验,138
旨,137
痛,137
默,137
招,136
破,136
祈,135
期,134
柄,134
焚,134
谎,134
妄,133
掠,133
渐,133
磐,133
迎,133
饭,133
周,131
扪,131
料,131
睛,131
试,131
顿,131
允,130
吞,130
妹,130
慰,130
祝,130
昧,129
诡,129
久,128
愧,128
残,128
皿,128
奴,127
文,127
裂,127
赦,127
价,126
速,126
导,125
犊,125
甘,125
绵,125
计,125
雨,125
忘,124
悲,124
邻,124
增,123
牌,123
聪,123
跌,123
避,123
度,122
医,120
卑,119
醒,119
丁,118
舌,118
匠,117
埋,117
悔,117
精,117
郊,117
钱,117
墓,116
富,116
忽,116
友,115
录,115
卧,114
左,114
失,113
形,113
摸,113
村,113
索,113
良,112
拆,111
捆,111
省,110
章,110
童,110
觉,110
尸,109
扬,109
砍,109
类,109
关,108
尘,108
九,107
奸,107
搭,107
敢,107
笑,107
箭,107
弱,106
替,106
狂,106
亵,105
倾,104
刑,104
厌,104
奶,104
效,104
热,104
肥,104
须,104
坑,103
迹,103
严,102
丧,102
偏,102
庄,101
楼,101
续,101
胆,101
轻,101
逆,101
饱,101
丰,100
微,100
翅,100
躺,100
陷,100
项,100
享,99
折,99
架,99
玷,99
鲁,99
仰,98
撕,98
视,98
阴,98
震,98
垂,97
戒,97
般,97
街,97
朋,96
登,96
阵,96
刚,95
投,95
最,95
踏,95
鱼,95
准,94
琐,94
藐,94
迷,94
逼,94
酵,94
寡,93
步,93
毗,93
绳,93
坦,92
灰,92
静,92
升,91
束,91
林,91
脂,91
骂,91
参,90
帖,90
抢,90
栽,90
虫,90
贪,90
骑,90
杯,89
瞎,89
议,89
钉,89
俯,88
婢,88
幼,88
张,88
惑,88
环,88
莱,88
低,87
冠,87
宣,87
师,87
据,87
碌,87
缺,87
退,87
威,86
惹,86
软,86
另,85
商,85
夏,85
悖,85
毛,85
渎,85
疾,85
筵,85
臂,85
装,85
戴,84
抱,84
昼,84
黎,84
堂,83
帕,83
惶,83
旧,83
星,83
薛,83
警,83
朝,82
术,82
洞,82
瓦,82
盾,82
贫,82
托,81
逾,81
学,80
弓,80
枯,80
耐,80
腿,80
调,80
骄,80
井,79
倘,79
包,79
床,79
恒,79
挨,79
盼,79
蛇,79
讨,79
势,78
库,78
慕,78
昏,78
柏,78
牙,78
硬,78
雕,78
恤,77
绕,77
负,77
冕,76
嘱,76
恼,76
惠,76
易,76
枪,76
腓,76
迫,76
锁,76
刺,75
室,75
扶,75
抛,75
查,75
突,75
颈,75
延,74
貌,74
赏,74
邱,74
释,74
具,73
叛,73
奠,73
扰,73
掩,73
欲,73
烦,73
陈,73
青,73
魂,73
俗,72
哉,72
奔,72
宿,72
狗,72
番,72
线,72
躲,72
侧,71
冤,71
沉,71
紧,71
辩,71
堆,70
孕,70
廊,70
彩,70
慎,70
挂,70
虔,70
谤,70
跳,70
句,69
撇,69
疫,69
瘟,69
盆,69
胸,69
践,69
兢,68
尚,68
挡,68
板,68
腹,68
运,68
错,68
专,67
况,67
吓,67
屈,67
置,67
蜜,67
袋,67
闭,67
饿,67
乡,66
择,66
棘,66
毒,66
泉,66
荆,66
德,65
普,65
熟,65
略,65
饮,65
驼,65
仿,64
化,64
匹,64
宁,64
桌,64
毫,64
浇,64
盘,64
眷,64
透,64
停,63
卷,63
率,63
琳,63
积,63
诱,63
赫,63
配,63
闪,63
务,62
印,62
奈,62
抓,62
状,62
琴,62
裹,62
货,62
轭,62
辆,62
阄,62
伴,61
创,61
弹,61
拦,61
榄,61
橄,61
渴,61
炉,61
稳,61
绑,61
蓝,61
贴,61
违,61
魔,61
齐,61
孤,60
层,60
巧,60
忙,60
恳,60
惜,60
换,60
筛,60
裳,60
铸,60
链,60
佛,59
宇,59
忠,59
朔,59
窥,59
紫,59
耕,59
耻,59
规,59
骆,59
乳,58
倍,58
持,58
挖,58
磨,58
纪,58
铺,58
冒,57
勉,57
厚,57
禾,57
胎,57
袍,57
障,57
零,57
馨,57
占,56
喻,56
扔,56
曼,56
泥,56
赤,56
陀,56
付,55
偷,55
党,55
囚,55
很,55
戮,55
拾,55
朵,55
柴,55
源,55
牵,55
轮,55
附,55
饰,55
响,54
拈,54
斐,54
歇,54
烟,54
吐,53
味,53
市,53
式,53
慢,53
炼,53
窗,53
绊,53
缅,53
苍,53
鹰,53
元,52
卯,52
叹,52
嫁,52
捉,52
摘,52
塞,51
奥,51
射,51
怨,51
惩,51
挑,51
朱,51
泣,51
秘,51
翻,51
让,51
亏,50
妓,50
宏,50
肩,50
腊,50
阻,50
哄,49
圈,49
添,49
覆,49
醉,49
钩,49
借,48
决,48
妙,48
展,48
府,48
机,48
松,48
焰,48
私,48
衰,48
闩,48
防,48
凯,47
帅,47
执,47
纷,47
谦,47
鹿,47
休,46
凶,46
凿,46
唇,46
够,46
戏,46
损,46
浪,46
版,46
程,46
膝,46
菜,46
诗,46
顽,46
黄,46
婆,45
岛,45
庙,45
悉,45
江,45
溪,45
腾,45
误,45
雷,45
鸽,45
愆,44
披,44
泪,44
盐,44
艾,44
苏,44
虑,44
似,43
剃,43
嗤,43
斑,43
烤,43
疼,43
税,43
稼,43
缠,43
遗,43
亭,42
佳,42
嫉,42
封,42
影,42
池,42
洒,42
滋,42
盗,42
移,42
肢,42
蔽,42
鞭,42
卜,41
咬,41
套,41
庇,41
恕,41
旱,41
杂,41
欣,41
漏,41
甜,41
碗,41
趁,41
雇,41
值,40
叔,40
叶,40
图,40
妒,40
幅,40
搬,40
激,40
片,40
瓶,40
穗,40
罢,40
讥,40
谈,40
贼,40
跪,40
雹,40
兆,39
姊,39
巡,39
幽,39
弯,39
游,39
电,39
疲,39
纯,39
统,39
育,39
荫,39
辜,39
骸,39
亨,38
冈,38
冲,38
午,38
坡,38
垒,38
姐,38
局,38
抚,38
杠,38
染,38
牢,38
玉,38
疑,38
篾,38
蝗,38
辨,38
阔,38
饶,38
伺,37
凌,37
宜,37
宴,37
尝,37
恋,37
斗,37
景,37
猛,37
粪,37
肚,37
诲,37
赖,37
逐,37
鞋,37
估,36
即,36
婴,36
弄,36
役,36
整,36
曲,36
棕,36
棵,36
榴,36
窑,36
累,36
叩,35
嚷,35
惭,35
暂,35
滴,35
织,35
舞,35
补,35
词,35
驮,35
骇,35
鼓,35
仁,34
刮,34
历,34
妆,34
愈,34
拘,34
斥,34
枉,34
毕,34
疏,34
痊,34
瘸,34
确,34
竞,34
筐,34
系,34
联,34
舟,34
锅,34
唤,33
岸,33
抵,33
杜,33
灌,33
贿,33
蹄,33
逢,33
齿,33
冰,32
含,32
坍,32
塌,32
捐,32
旺,32
欠,32
爬,32
窝,32
谱,32
赔,32
超,32
迈,32
递,32
鼻,32
习,31
伐,31
偿,31
克,31
减,31
划,31
勤,31
屡,31
帷,31
旋,31
朽,31
橡,31
涂,31
滚,31
猪,31
端,31
蓄,31
迟,31
锤,31
僻,30
册,30
尺,30
懒,30
排,30
掣,30
柔,30
温,30
狱,30
矩,30
限,30
乖,29
互,29
债,29
寿,29
扇,29
摔,29
旅,29
槛,29
洪,29
润,29
煞,29
珍,29
璧,29
皂,29
祀,29
荚,29
贡,29
踹,29
雪,29
凄,28
博,28
慌,28
搀,28
案,28
沾,28
炭,28
畅,28
瞒,28
穴,28
绣,28
绿,28
肠,28
胡,28
雀,28
农,27
剥,27
双,27
喧,27
坠,27
妃,27
妾,27
寨,27
岭,27
政,27
梁,27
楚,27
沦,27
济,27
渊,27
矶,27
秃,27
究,27
荷,27
莫,27
读,27
赂,27
辞,27
迁,27
鉴,27
催,26
吏,26
尾,26
岳,26
崇,26
志,26
悟,26
斤,26
杆,26
涨,26
渡,26
烂,26
疮,26
症,26
盟,26
穹,26
签,26
胄,26
表,26
资,26
载,26
郎,26
阳,26
雏,26
飘,26
丽,25
依,25
努,25
吼,25
哑,25
始,25
寸,25
惰,25
旗,25
煮,25
窄,25
纵,25
考,25
苇,25
药,25
蘸,25
诮,25
诺,25
贱,25
醡,25
镶,25
闻,25
额,25
鹤,25
哲,24
广,24
挤,24
昆,24
殷,24
涌,24
瘦,24
睦,24
舒,24
蒺,24
藜,24
隔,24
需,24
俊,23
功,23
嚼,23
寒,23
寝,23
拐,23
沟,23
浓,23
猎,23
短,23
禧,23
竭,23
脏,23
蛾,23
蜂,23
触,23
讼,23
费,23
较,23
逸,23
闷,23
险,23
丑,22
噩,22
圆,22
弦,22
拙,22
捻,22
搅,22
楠,22
殃,22
沫,22
淹,22
熄,22
络,22
耽,22
艰,22
褥,22
谬,22
闯,22
仓,21
叠,21
启,21
呐,21
奏,21
嫔,21
扎,21
扛,21
控,21
擘,21
敞,21
斧,21
测,21
珠,21
笔,21
缦,21
臭,21
蔬,21
襟,21
轰,21
阶,21
佩,20
傅,20
囊,20
垣,20
奋,20
孚,20
宾,20
巾,20
抖,20
拍,20
擦,20
某,20
梗,20
浮,20
滑,20
筹,20
荡,20
驹,20
唉,19
妥,19
帘,19
忌,19
愤,19
揭,19
搜,19
桑,19
梅,19
梭,19
榻,19
槽,19
横,19
橛,19
汛,19
瑙,19
秸,19
窃,19
竿,19
粒,19
羡,19
闲,19
驱,19
亿,18
倦,18
副,18
匪,18
吁,18
品,18
岩,18
弥,18
悬,18
拇,18
撞,18
撵,18
敲,18
段,18
漫,18
球,18
缩,18
芦,18
谗,18
辉,18
返,18
鸡,18
鸣,18
京,17
伙,17
佑,17
冬,17
凳,17
励,17
央,17
捕,17
擅,17
暖,17
格,17
框,17
棍,17
渣,17
漂,17
濯,17
焦,17
熬,17
申,17
画,17
疥,17
睚,17
级,17
罩,17
腑,17
薄,17
衲,17
赴,17
躁,17
骡,17
侵,16
则,16
匿,16
唾,16
喇,16
婪,16
抽,16
拥,16
拴,16
擒,16
棂,16
沿,16
泛,16
溢,16
澡,16
熊,16
犁,16
狼,16
盏,16
稀,16
稍,16
竖,16
缝,16
腮,16
芽,16
详,16
跃,16
辟,16
钹,16
镰,16
鸠,16
亘,15
俱,15
健,15
危,15
厉,15
吕,15
婿,15
宅,15
尖,15
忒,15
插,15
曷,15
枕,15
痕,15
瘫,15
盂,15
盔,15
睁,15
砖,15
硫,15
磺,15
笆,15
篱,15
粗,15
繁,15
翠,15
蚂,15
蛙,15
衮,15
闹,15
丝,14
仅,14
兑,14
史,14
奖,14
孔,14
怯,14
懊,14
扣,14
捡,14
械,14
概,14
泊,14
涸,14
焉,14
玻,14
疵,14
笼,14
耍,14
聋,14
聘,14
肝,14
膳,14
茂,14
蚱,14
蜡,14
访,14
诧,14
谜,14
镇,14
陪,14
鞘,14
驳,14
驾,14
卒,13
哮,13
哼,13
墨,13
媚,13
孝,13
巫,13
恸,13
惯,13
拒,13
昨,13
植,13
歪,13
汁,13
混,13
滥,13
漠,13
碰,13
笛,13
筋,13
籴,13
糊,13
糠,13
纛,13
纹,13
肋,13
舔,13
辈,13
陵,13
颠,13
劈,12
叙,12
咆,12
哩,12
喂,12
嗣,12
团,12
塔,12
嫌,12
峰,12
崩,12
彰,12
怪,12
悄,12
扩,12
拧,12
挺,12
捣,12
模,12
武,12
毯,12
汲,12
洛,12
浑,12
浴,12
淤,12
湖,12
湿,12
滓,12
炎,12
熔,12
牺,12
玺,12
瑕,12
秉,12
篇,12
粉,12
纬,12
聂,12
肃,12
肺,12
英,12
获,12
蛋,12
谄,12
贺,12
踪,12
铲,12
雾,12
鸦,12
乘,11
吊,11
娇,11
嵌,11
恰,11
惨,11
抗,11
抟,11
搁,11
敛,11
旬,11
杏,11
榜,11
沐,11
洋,11
洼,11
癫,11
秀,11
秤,11
窘,11
笏,11
箴,11
簸,11
糟,11
编,11
耗,11
膛,11
苗,11
虐,11
蝇,11
蝎,11
袖,11
赚,11
踊,11
蹲,11
辰,11
醋,11
钮,11
陋,11
颤,11
鳞,11
丛,10
伍,10
伟,10
刃,10
剜,10
叉,10
吸,10
呈,10
嘉,10
培,10
壁,10
娼,10
征,10
径,10
懂,10
抡,10
掐,10
撤,10
昌,10
春,10
晌,10
材,10
歹,10
汤,10
汪,10
泄,10
狐,10
狸,10
猜,10
瓜,10
甩,10
码,10
禽,10
练,10
缒,10
羚,10
茵,10
莎,10
蓿,10
讶,10
豺,10
趟,10
遂,10
酸,10
鸵,10
鼎,10
䍁,9
刨,9
削,9
剿,9
勾,9
匉,9
卸,9
堵,9
填,9
契,9
委,9
屯,9
徇,9
御,9
恭,9
拨,9
挣,9
挽,9
揪,9
操,9
柳,9
爵,9
癣,9
盹,9
矜,9
禄,9
稗,9
篡,9
继,9
缄,9
羹,9
苟,9
荐,9
蒲,9
虺,9
訇,9
订,9
豆,9
质,9
逊,9
酬,9
铅,9
锈,9
锭,9
雄,9
霖,9
亦,8
僭,8
劬,8
匙,8
吴,8
吵,8
哎,8
哗,8
喷,8
嘶,8
夹,8
寂,8
捂,8
播,8
撼,8
斩,8
昂,8
晒,8
晶,8
氏,8
沧,8
泡,8
注,8
浦,8
涉,8
滔,8
燥,8
狭,8
疯,8
痔,8
盈,8
禀,8
秋,8
胖,8
脑,8
薰,8
衙,8
豁,8
豹,8
贞,8
贯,8
贷,8
赠,8
钥,8
铃,8
铛,8
锯,8
镜,8
镯,8
闺,8
陶,8
题,8
颜,8
骗,8
鸷,8
鼠,8
𮙋,8
仪,7
凸,7
咙,7
咸,7
喉,7
均,7
娈,7
婚,7
崖,7
扭,7
抄,7
捶,7
掘,7
揣,7
斜,7
栋,7
桂,7
桶,7
款,7
殓,7
汊,7
浩,7
玩,7
瞻,7
矮,7
碧,7
秕,7
窟,7
窿,7
纺,7
绺,7
罐,7
耸,7
舅,7
舵,7
茴,7
虎,7
裤,7
轴,7
逞,7
钢,7
霉,7
馈,7
鳄,7
介,6
佯,6
侮,6
促,6
剖,6
吾,6
咷,6
唆,6
啦,6
喘,6
季,6
宠,6
幻,6
序,6
戈,6
截,6
扑,6
拳,6
撑,6
昔,6
晃,6
杈,6
标,6
桨,6
棒,6
森,6
榫,6
檀,6
泼,6
浅,6
烘,6
爪,6
玄,6
璃,6
瘪,6
皆,6
皇,6
碍,6
碑,6
碱,6
磴,6
租,6
箫,6
箱,6
篮,6
绒,6
耙,6
肤,6
胞,6
舜,6
苹,6
茄,6
茔,6
荻,6
蔓,6
虱,6
虹,6
蝻,6
裕,6
诏,6
诵,6
贤,6
贸,6
踢,6
辎,6
铠,6
霜,6
靖,6
顷,6
驿,6
仔,5
伪,5
侄,5
冥,5
凋,5
凝,5
删,5
叱,5
呕,5
哒,5
啼,5
墁,5
妨,5
姑,5
娃,5
媳,5
宙,5
崽,5
怠,5
懈,5
扁,5
拖,5
拟,5
拢,5
挞,5
捏,5
捧,5
搆,5
搋,5
杨,5
枷,5
柯,5
核,5
梢,5
梯,5
槁,5
汉,5
沽,5
洑,5
淡,5
溃,5
漆,5
狡,5
玳,5
疖,5
盒,5
瞭,5
瞳,5
矛,5
砸,5
符,5
笨,5
箕,5
篷,5
籍,5
缓,5
腥,5
航,5
芥,5
菖,5
著,5
蓖,5
蔑,5
薪,5
蛀,5
贻,5
蹋,5
蹦,5
轧,5
轿,5
郭,5
锚,5
镣,5
韦,5
颊,5
鹈,5
鹕,5
𣎴,5
丹,4
亥,4
份,4
侯,4
俸,4
劣,4
募,4
厂,4
叼,4
吝,4
员,4
咽,4
嗳,4
坎,4
堪,4
夙,4
奢,4
妮,4
姻,4
嬉,4
岔,4
岖,4
崎,4
巢,4
幸,4
庵,4
康,4
扮,4
批,4
括,4
掀,4
攒,4
旌,4
楣,4
殴,4
沌,4
泻,4
涛,4
淋,4
渺,4
湃,4
澄,4
澎,4
烁,4
烙,4
煽,4
燕,4
犬,4
猾,4
琵,4
琶,4
瓣,4
畦,4
痪,4
瞪,4
筒,4
绰,4
翎,4
肆,4
股,4
肿,4
胶,4
脊,4
艺,4
菲,4
蓬,4
薅,4
衡,4
衫,4
褂,4
评,4
诓,4
赌,4
跨,4
跺,4
途,4
鏊,4
针,4
钓,4
钦,4
铊,4
锄,4
锐,4
阉,4
隘,4
霎,4
靶,4
颁,4
颗,4
骚,4
髅,4
髑,4
髓,4
鲜,4
鹌,4
鹑,4
鹳,4
倭,3
凑,3
劲,3
匣,3
厕,3
啃,3
嗐,3
圭,3
垦,3
寓,3
巳,3
巷,3
帝,3
店,3
循,3
态,3
惫,3
愎,3
懦,3
戚,3
戛,3
扯,3
拼,3
掷,3
搧,3
昴,3
晴,3
晷,3
枢,3
栏,3
桅,3
梳,3
检,3
棺,3
橹,3
檐,3
毙,3
汗,3
涮,3
溅,3
滨,3
爸,3
狄,3
猫,3
珞,3
璎,3
甥,3
疆,3
矿,3
硝,3
碡,3
稠,3
笙,3
絮,3
绸,3
缸,3
羽,3
肾,3
胀,3
胃,3
脐,3
臼,3
舀,3
茅,3
蚁,3
蚕,3
蜢,3
蝙,3
蝠,3
蝮,3
蠢,3
课,3
诿,3
赃,3
蹈,3
辇,3
辋,3
辔,3
辛,3
辫,3
迥,3
部,3
鄙,3
酌,3
采,3
釜,3
钏,3
钻,3
销,3
锋,3
锣,3
锥,3
镀,3
阁,3
陡,3
霸,3
鞍,3
馐,3
驯,3
鬓,3
魁,3
鸮,3
鸿,3
鹞,3
亩,2
仙,2
伶,2
倔,2
兔,2
兜,2
凤,2
刷,2
勿,2
匀,2
区,2
协,2
厨,2
叨,2
呀,2
咂,2
哺,2
啬,2
喃,2
嘘,2
嚏,2
囫,2
囵,2
囿,2
址,2
垫,2
塘,2
姨,2
婉,2
嫂,2
孳,2
尿,2
廉,2
廪,2
弊,2
忤,2
戍,2
戟,2
技,2
拷,2
挓,2
振,2
挲,2
捷,2
掏,2
搓,2
敏,2
敦,2
敷,2
斋,2
暑,2
杉,2
枫,2
枳,2
栗,2
殡,2
汹,2
泰,2
泳,2
浆,2
浊,2
浸,2
涯,2
渔,2
湾,2
濠,2
炒,2
焊,2
煌,2
煎,2
煤,2
狍,2
猴,2
猿,2
玫,2
珉,2
瑚,2
瑰,2
瑾,2
瓮,2
痨,2
痫,2
瘀,2
瘠,2
眉,2
祉,2
窍,2
窜,2
笃,2
筏,2
箍,2
篓,2
粘,2
粜,2
纲,2
缆,2
缚,2
翁,2
翔,2
翳,2
胁,2
臬,2
芫,2
芸,2
范,2
荽,2
藤,2
藩,2
虼,2
蚤,2
蛆,2
蛛,2
蜘,2
衔,2
裙,2
誉,2
讳,2
讹,2
询,2
诬,2
谅,2
谆,2
谏,2
贝,2
贩,2
贬,2
赉,2
赘,2
趋,2
跤,2
踝,2
蹿,2
辅,2
辽,2
逻,2
酉,2
酊,2
酩,2
酿,2
錾,2
钝,2
铭,2
铮,2
锉,2
镊,2
阱,2
隆,2
隙,2
驻,2
骏,2
鸪,2
鸬,2
鸱,2
鸶,2
鹚,2
鹧,2
鹭,2
黏,2
龛,2
𬸊,2
串,1
佐,1
佣,1
俏,1
傍,1
僚,1
僮,1
僵,1
兼,1
凹,1
剔,1
勃,1
卤,1
卦,1
厄,1
厅,1
叟,1
吟,1
否,1
呵,1
咳,1
哇,1
啄,1
嗉,1
嘬,1
嘲,1
嘻,1
噎,1
埠,1
堕,1
墩,1
壶,1
夭,1
奁,1
妈,1
娘,1
宵,1
寞,1
尔,1
屉,1
履,1
峻,1
川,1
帆,1
帑,1
帚,1
帜,1
庆,1
庭,1
庶,1
弑,1
徐,1
忻,1
恃,1
恺,1
悴,1
悼,1
憔,1
戥,1
戳,1
戾,1
挟,1
挫,1
授,1
措,1
揝,1
握,1
搂,1
携,1
撮,1
敕,1
斟,1
旒,1
晋,1
曝,1
朴,1
李,1
杰,1
杴,1
杵,1
枵,1
柁,1
柞,1
栖,1
桃,1
梃,1
椅,1
椽,1
榧,1
槌,1
毂,1
沛,1
沸,1
泞,1
洲,1
涎,1
涤,1
液,1
港,1
溺,1
滤,1
滩,1
漓,1
潭,1
澜,1
澳,1
瀑,1
灶,1
灿,1
烛,1
烫,1
燎,1
爆,1
爽,1
牝,1
牡,1
狠,1
猖,1
玎,1
珰,1
琏,1
琢,1
瓤,1
疋,1
疟,1
痒,1
痢,1
痴,1
瘤,1
皎,1
皱,1
眨,1
眶,1
睹,1
瞅,1
矢,1
矬,1
砌,1
砧,1
碜,1
磬,1
礁,1
秦,1
秧,1
穑,1
窖,1
窨,1
策,1
箩,1
纶,1
纸,1
纽,1
羁,1
翡,1
翼,1
肌,1
肮,1
胳,1
脓,1
脾,1
腌,1
臌,1
舱,1
艮,1
艳,1
芟,1
芹,1
苞,1
萍,1
葱,1
蒜,1
蔻,1
蕃,1
蕊,1
蚀,1
蛮,1
蜓,1
蜗,1
蜥,1
蜴,1
蝘,1
蝶,1
融,1
螫,1
螺,1
蟀,1
蟋,1
蟥,1
蠓,1
蠹,1
袱,1
觅,1
觌,1
觐,1
誊,1
譬,1
讷,1
诀,1
谊,1
谒,1
谣,1
豪,1
账,1
贾,1
赁,1
赢,1
跐,1
轨,1
辐,1
输,1
辗,1
迅,1
迸,1
适,1
遁,1
遥,1
郑,1
醇,1
铙,1
锦,1
锹,1
锻,1
镌,1
闵,1
闸,1
陆,1
陇,1
隶,1
霹,1
韭,1
飕,1
餐,1
饫,1
饷,1
馆,1
馋,1
馑,1
驰,1
骟,1
骼,1
鬃,1
鹯,1
麀,1
麋,1
鼫,1
鼬,1
𨱔,1
